Dealer ID,DealerName,Clean Name,Report,Address,City,Key,TotalUnitsPurchased,RequiredUnits,PrimaryUnits,Primary%,SecondaryUnits,Secondary%,QualifyingUnits,Qualifying%,Non-QualifyingUnits,Non-Qualifying%
1811602,Seaview Tire & Brake Center,seaviewtirebrakecenter,Course,66 West Manor Dr,Pacifica,seaviewt66westmapacifica,254,0,254,100,0,0,253,99.61,1,0.39
1813501,Richards Tire Inc,richardstire,Course,1813 US 31 North,Petoskey,richards1813us31petoskey,1294,56,1235,95.44,59,4.56,1200,92.74,94,7.26
1809570,Leslie Tire Service,leslietireservice,Course,41600 Executive Drive,Harrison Township,leslieti41600exeharrison,1391,0,1391,100,0,0,1338,96.19,53,3.81
1803162,west 10 tire center inc,west10tirecenter,Course,108 route 10,succasunna,west10ti108routesuccasun,1193,0,1158,97.07,35,2.93,1155,96.81,38,3.19
1806576,Hornsby Tire,hornsbytire,Course,3300 JEFFERSON AVENUE,NEWPORT NEWS,hornsbyt3300jeffnewportn,422,0,422,100,0,0,402,95.26,20,4.74
1794644,Stone tire and automotive,stonetireandautomotive,Course,302 e beebe Capps ex,Searcy,stonetir302ebeebsearcy,283,0,283,100,0,0,240,84.81,43,15.19
1811726,Tire World Auto Repair Tire Pros,tireworldautorepairtirepros,Course,4420 Centennial Blvd.,Colorado Springs,tireworl4420centcolorado,1204,0,1201,99.75,3,0.25,1191,98.92,13,1.08
1808220,RDS AUTO SUPPLIES,rdsautosupplies,Course,1411 STATE ROUTE 147,DALMATIA,rdsautos1411statdalmatia,1219,0,1219,100,0,0,1211,99.34,8,0.66
1808186,Fender Tire & Wheel,fendertirewheel,Course,2 GILL ROAD,WEAVERVILLE,fenderti2gillroaweavervi,4690,0,4053,86.42,637,13.58,4114,87.72,576,12.28
1807810,Reedy Creek Tire & Auto,reedycreektireauto,Course,4866 N NC HWY 150,Lexington,reedycre4866nnchlexingto,934,0,906,97,28,3,704,75.37,230,24.63
1810720,R & J's Tires,rjstires,Course,5079 E Middletown Rd,New Middletown,rjstires5079emidnewmiddl,531,69,498,93.79,33,6.21,514,96.8,17,3.2
1807399,Cooper Bros Tire & Auto,cooperbrostireauto,Course,936 N Washington Ave,Green Brook,cooperbr936nwashgreenbro,1096,904,1096,100,0,0,842,76.82,254,23.18
1805230,dennis quick auto,dennisquickauto,Course,811 25th st,snyder,dennisqu81125thssnyder,695,0,695,100,0,0,659,94.82,36,5.18
1805584,RICHMONDTOWN SERVICE,richmondtownservice,Course,3310 RICHMOND ROAD,STATEN ISLAND,richmond3310richstatenis,222,0,222,100,0,0,135,60.81,87,39.19
1805988,Tire Country Inc.,tirecountry,Course,714 Union Rd,Gastonia,tirecoun714uniongastonia,1553,0,1505,96.91,48,3.09,1476,95.04,77,4.96
1807042,Ultimate Automotive,ultimateautomotive,Course,4707 E Arrowhead Parkway,SIOUX FALLS,ultimate4707earrsiouxfal,131,69,131,100,0,0,124,94.66,7,5.34
1805237,Weber Tires Inc,webertires,Course,1879 County Road V,Sun Prairie,webertir1879counsunprair,1313,0,1102,83.93,211,16.07,1254,95.51,59,4.49
1805422,Rockland Tire & Auto Service,rocklandtireautoservice,Course,109 ROUTE 59,Monsey,rockland109routemonsey,777,23,777,100,0,0,644,82.88,133,17.12
1811981,South Boston True Value,southbostontruevalue,Course,307 Broad St.,SOUTH BOSTON,southbos307broadsouthbos,730,0,635,86.99,95,13.01,685,93.84,45,6.16
1800105,McCullough Tire,mcculloughtire,Course,1900 Universal Road,Pittsburgh,mccullou1900univpittsbur,6067,0,4122,67.94,1945,32.06,5273,86.91,794,13.09
1806209,Douglas County AutoCare,douglascountyautocare,Course,2205 Fairburn Road,Douglasville,douglasc2205fairdouglasv,1060,0,1029,97.08,31,2.92,1009,95.19,51,4.81
1806564,TAYLORS FAMILY CAR CARE,taylorsfamilycarcare,Course,1434 Imlay City Road,LAPEER,taylorsf1434imlalapeer,266,0,228,85.71,38,14.29,213,80.08,53,19.92
1813226,JOHN DEERY MOTORS,johndeerymotors,Course,6823 UNIVERSITY AVENUE,CEDAR FALLS,johndeer6823univcedarfal,1115,0,1115,100,0,0,1089,97.67,26,2.33
1806878,Tetrault Tire Pros,tetraulttirepros,Course,4075 Broadway,Eureka,tetrault4075broaeureka,2075,0,2014,97.06,61,2.94,2059,99.23,16,0.77
1812688,AUTO TECH,autotech,Course,2304 FAIR RD.,SIDNEY,autotech2304fairsidney,111,0,111,100,0,0,106,95.5,5,4.5
1808300,Kimberly Tire,kimberlytire,Course,650 N. Rochester,Clawson,kimberly650nrochclawson,315,0,315,100,0,0,217,68.89,98,31.11
1806989,Cooperative Energy Company,cooperativeenergy,Course,1708 Pierce Ave,Sibley,cooperat1708piersibley,491,109,491,100,0,0,489,99.59,2,0.41
1813116,SPANIAL'S SERVICE CENTER,spanialsservicecenter,Course,45 W ORVILLA RD,HATFIELD,spanials45worvilhatfield,201,0,201,100,0,0,201,100,0,0
1811634,Best One Tire & Service of Sidney,bestonetireserviceofsidney,Course,120 S Stolle Ave,Sidney,bestonet120sstolsidney,519,81,505,97.3,14,2.7,447,86.13,72,13.87
1800376,Bargain Barn Tire Center,bargainbarntirecenter,Course,1811 Deadwood Ave,Rapid City,bargainb1811deadrapidcit,29,121,29,100,0,0,16,55.17,13,44.83
1812212,Warehouse Tire,warehousetire,Course,4459 Pontiac Lake Rd,waterford,warehous4459pontwaterfor,776,24,749,96.52,27,3.48,447,57.6,329,42.4
1800885,Town & Country Tire Supply Inc,towncountrytiresupply,Course,201 Commercial,Atchison,towncoun201commeatchison,134,0,134,100,0,0,93,69.4,41,30.6
1797960,Tire World Auto Centers,tireworldautocenters,Course,5702 Industry lane A41,Frederick,tireworl5702indufrederic,100,0,100,100,0,0,72,72,28,28
1803140,CC Auto,ccauto,Course,1270 Louisville Rd,Harrodsburg,ccauto1270louiharrodsb,647,153,647,100,0,0,629,97.22,18,2.78
1804566,Whitley Automotive,whitleyautomotive,Course,210 Locust Ave,Locust,whitleya210locuslocust,310,0,310,100,0,0,257,82.9,53,17.1
1799328,Integrity Tire,integritytire,Course,11974 Willow Grove Road,Camden,integrit11974wilcamden,147,0,147,100,0,0,50,34.01,97,65.99
1811954,Fromm's Auto,frommsauto,Course,1915 Madison Ave,mankato,frommsau1915madimankato,525,75,525,100,0,0,470,89.52,55,10.48
1968854,Becker Tire,beckertire,Course,904 Washington,Great Bend,beckerti904washigreatben,2527,0,2527,100,0,0,1106,43.77,1421,56.23
1798276,International Tire Center,internationaltirecenter,Course,707 W. Baseline,san bernardino,internat707wbasesanberna,850,150,809,95.18,41,4.82,836,98.35,14,1.65
1810342,Gilbert Services,gilbertservices,Course,917 J Street,Auburn,gilberts917jstreauburn,272,0,270,99.26,2,0.74,225,82.72,47,17.28
1805053,flanigan tires inc,flanigantires,Course,130 w 6th st,michigan city,flanigan130w6thsmichigan,511,0,511,100,0,0,458,89.63,53,10.37
1805800,Red Stone Tire Inc,redstonetire,Course,114 Ashaway Rd,Westerly,redstone114ashawwesterly,419,181,419,100,0,0,268,63.96,151,36.04
1806328,safety auto center,safetyautocenter,Course,4722 palm beach blvd.,ft. myers,safetyau4722palmftmyers,227,0,227,100,0,0,217,95.59,10,4.41
1802594,Glory to God,glorytogod,Course,146 Lewis St,Hillsdale,glorytog146lewishillsdal,145,0,145,100,0,0,145,100,0,0
1813002,BIG CHIEF TIRE,bigchieftire,Course,5444 NORMANDY BLVD,JACKSONVILLE,bigchief5444normjacksonv,3557,0,3085,86.73,472,13.27,3264,91.76,293,8.24
1806168,Harrell's Auto Service,harrellsautoservice,Course,1128 Gillespie St,Fayetteville,harrells1128gillfayettev,138,262,138,100,0,0,121,87.68,17,12.32
1810136,Gene's Tire Service,genestireservice,Course,872 GAP NEWPORT PK,COCHRANVILLE,genestir872gapnecochranv,181,119,169,93.37,12,6.63,163,90.06,18,9.94
1803669,Dusty's Precision Auto,dustysprecisionauto,Course,721 2nd St,Coralville,dustyspr7212ndstcoralvil,689,0,689,100,0,0,658,95.5,31,4.5
1804662,Cains Tires,cainstires,Course,1531 Fourth St,San Rafael,cainstir1531foursanrafae,1806,0,1620,89.7,186,10.3,1782,98.67,24,1.33
1804357,Dave's Colonial Motors,davescolonialmotors,Course,7426 State Route 54,Bath,davescol7426statbath,364,0,364,100,0,0,330,90.66,34,9.34
1795577,speck sales,specksales,Course,17746 n dixie hwy,bowling green,specksal17746ndibowlingg,2320,0,2320,100,0,0,2235,96.34,85,3.66
1804780,Neace Tire,neacetire,Course,1605 Valley St,Dayton,neacetir1605valldayton,454,0,217,47.8,237,52.2,133,29.3,321,70.7
1808960,Dan's Auto Centre,dansautocentre,Course,1050 Fountain St.,Mineral Point,dansauto1050founmineralp,396,0,383,96.72,13,3.28,392,98.99,4,1.01
1811799,Hometowne Auto Repair and Tire,hometowneautorepairandtire,Course,15698 Jefferson Davis Highway,Woodbridge,hometown15698jefwoodbrid,404,0,394,97.52,10,2.48,345,85.4,59,14.6
1810911,ATF Tires and Auto Repair,atftiresandautorepair,Course,207 Dodge St,Kaukauna,atftires207dodgekaukauna,408,0,408,100,0,0,388,95.1,20,4.9
1801416,Bucks County Auto Care,buckscountyautocare,Course,232 Dublin Pike,Dublin,buckscou232dublidublin,151,0,151,100,0,0,140,92.72,11,7.28
1809410,Steve & Tony Tire,stevetonytire,Course,534 W. McKeelips Rd.,Mesa,steveton534wmckemesa,1497,0,1435,95.86,62,4.14,1478,98.73,19,1.27
1799881,maple grove auto center,maplegroveautocenter,Course,w4315 hwy23,montello,maplegrow4315hwymontello,55,20,55,100,0,0,47,85.45,8,14.55
1796843,taylor tires,taylortires,Course,85 n main st,camden,taylorti85nmainscamden,258,42,253,98.06,5,1.94,229,88.76,29,11.24
1802726,RODRIGUEZ TIRE & WHEEL,rodrigueztirewheel,Course,1231 BURTON ST SW,WYOMING,rodrigue1231burtwyoming,388,212,388,100,0,0,320,82.47,68,17.53
1794103,Cars Plus,carsplus,Course,9619 Indianapolis Blvd,Highland,carsplus9619indihighland,300,0,300,100,0,0,174,58,126,42
1797958,Bob's Tire Center,bobstirecenter,Course,614 Walnut St.,Red Bluff,bobstire614walnuredbluff,108,142,108,100,0,0,46,42.59,62,57.41
1801479,Franklin Service & Supply,franklinservicesupply,Course,119 Grant St.,Franklin,franklin119grantfranklin,274,126,264,96.35,10,3.65,247,90.15,27,9.85
1799723,Pro Tire Center,protirecenter,Course,10735 N. Rockwell Ave,Oklahoma City,protirec10735nrooklahoma,109,0,109,100,0,0,60,55.05,49,44.95
1794133,Grant County General Tire,grantcountygeneraltire,Course,1001 N. Baldwin Ave.,Marion,grantcou1001nbalmarion,160,0,160,100,0,0,121,75.63,39,24.38
1798774,busch auto service center inc.,buschautoservicecenter,Course,137 s northwest hwy,palatine,buschaut137snortpalatine,592,0,592,100,0,0,346,58.45,246,41.55
1798662,Lug Nutz Tire Service & Custom Auto LLC.,lugnutztireservicecustomautollc,Course,500 New Alexandria Rd.,Greensburg,lugnutzt500newalgreensbu,154,0,144,93.51,10,6.49,134,87.01,20,12.99
1794933,TRAIL TIRE LLC,trailtire,Course,2394 CR 168,DUNDEE,trailtir2394cr16dundee,223,0,208,93.27,15,6.73,92,41.26,131,58.74
1799816,T&M Tire,tmtire,Course,9565 N Industrial Drive,St. John,tmtire9565nindstjohn,426,0,403,94.6,23,5.4,405,95.07,21,4.93
1800876,H&M Tire,hmtire,Course,351 Steubenville Rd,Carrollton,hmtire351steubcarrollt,1306,0,1294,99.08,12,0.92,1174,89.89,132,10.11
1799742,MUFFLER DOCTOR,mufflerdoctor,Course,102 FAIRBANKS,MARINE CITY,mufflerd102fairbmarineci,610,0,610,100,0,0,448,73.44,162,26.56
1793924,Shelby Tire and Auto Care,shelbytireandautocare,Course,309 N Harrison St,Shelbyville,shelbyti309nharrshelbyvi,1963,0,1963,100,0,0,1420,72.34,543,27.66
1799396,Joe's Tire LLC,joestire,Course,875 Shamrock Dr,Barnesville,joestire875shamrbarnesvi,383,17,27,7.05,356,92.95,327,85.38,56,14.62
1797384,Boogers Tire Center,boogerstirecenter,Course,18439 Hwy 69 South,Jasper,boogerst18439hwyjasper,217,33,217,100,0,0,190,87.56,27,12.44
1812837,HOMETOWN TIRE PROS,hometowntirepros,Course,1021 Mechem Dr,RUIDOSO,hometown1021mechruidoso,836,514,836,100,0,0,832,99.52,4,0.48
1800242,R Tire Shop,rtireshop,Course,2119 9th ave,Altoona,rtiresho21199thaaltoona,905,95,905,100,0,0,757,83.65,148,16.35
1800167,Baltazar Tire,baltazartire,Course,1435 Muldoon Rd.,anchorage,baltazar1435muldanchorag,0,800,0,,0,,0,,0,
1803033,Gerdin Auto Service Inc.,gerdinautoservice,Course,3128 Bridge St. NW,st francis,gerdinau3128bridstfranci,499,0,499,100,0,0,430,86.17,69,13.83
1812413,Vulcan Tire,vulcantire,Course,407 E BEECHER,Adrian,vulcanti407ebeecadrian,1563,0,1559,99.74,4,0.26,796,50.93,767,49.07
1803213,Charlton Tire and Repair,charltontireandrepair,Course,3399 Second St S,Folkston,charlton3399secofolkston,164,0,164,100,0,0,160,97.56,4,2.44
1799441,C&B Body & Auto Service,cbbodyautoservice,Course,1704 W Main St,Louisville,cbbodyau1704wmailouisvil,261,0,0,0,261,100,193,73.95,68,26.05
1799897,Arab Wholesale Tire,arabwholesaletire,Course,64 N.Brindlee Mnt.Pkwy,Arab,arabwhol64nbrindarab,163,0,163,100,0,0,79,48.47,84,51.53
1804482,Go Green Tires,gogreentires,Course,2660 S. Federal Blvd.,Denver,gogreent2660sfeddenver,147,53,147,100,0,0,103,70.07,44,29.93
1804209,Joe & Jerry's Car Care Center,joejerryscarcarecenter,Course,1034 Mineral Wells AVe,Paris,joejerry1034mineparis,67,33,67,100,0,0,59,88.06,8,11.94
1805294,Bockman's Auto Care,bockmansautocare,Course,2158 Oakland Dr,Sycamore,bockmans2158oaklsycamore,227,0,227,100,0,0,218,96.04,9,3.96
1904382,Fairway Tires,fairwaytires,Course,116 N Main St,Niles,fairwayt116nmainniles,0,50,0,,0,,0,,0,
1794974,Kress Tire,kresstire,Course,8032 Perry Highway,Pittsburgh,kresstir8032perrpittsbur,1350,0,1343,99.48,7,0.52,1204,89.19,146,10.81
1800556,Stan Graver Auto Sales & Service,stangraverautosalesservice,Course,1380 Interchange Rd,Lehighton,stangrav1380intelehighto,164,0,164,100,0,0,145,88.41,19,11.59
1809415,weber tire company,webertire,Course,10900 MAIN ST.,FAIRFAX,webertir10900maifairfax,702,0,661,94.16,41,5.84,615,87.61,87,12.39
1802154,Atlantic Tire,atlantictire,Course,7307 Pulaski Hwy,Baltimore,atlantic7307pulabaltimor,3903,0,3852,98.69,51,1.31,3254,83.37,649,16.63
1808017,HEMAT INC,hemat,Course,1170 MITCHELL BRIDGE ROAD,ATHENS,hematinc1170mitcathens,2701,299,2686,99.44,15,0.56,2643,97.85,58,2.15
1807190,Big E's Auto,bigesauto,Course,732 W. Main St,Galesburg,bigesaut732wmaingalesbur,264,0,245,92.8,19,7.2,259,98.11,5,1.89
1797038,Arneson Tire Center,arnesontirecenter,Course,100 Gletty RD.,Sandwich,arnesont100glettsandwich,227,0,227,100,0,0,188,82.82,39,17.18
1810917,Bill's Tire Outlet,billstireoutlet,Course,3200 6th St.,Columbus,billstir32006thscolumbus,2055,0,2042,99.37,13,0.63,2008,97.71,47,2.29
1801903,Newlon Tire Inc,newlontire,Course,530 Carroll Street,New Lexington,newlonti530carronewlexin,1796,0,1796,100,0,0,1618,90.09,178,9.91
1795334,Eagle Brothers Auto Center,eaglebrothersautocenter,Course,24 Rocherty Road,Lebanon,eaglebro24rocherlebanon,54,21,54,100,0,0,50,92.59,4,7.41
1807892,Tuffy Tire & Auto Service Center,tuffytireautoservicecenter,Course,16925 Caldwell Creek Dr.,Huntersville,tuffytir16925calhuntersv,0,0,0,,0,,0,,0,
1800400,Greensfork Alignment,greensforkalignment,Course,2441 Centerville Road North,Centerville,greensfo2441centcentervi,1126,0,1126,100,0,0,685,60.83,441,39.17
1794068,WISEMAN BROS INC,wisemanbros,Course,503 NORTH 32ND ST,MUSKOGEE,wisemanb503northmuskogee,121,679,121,100,0,0,119,98.35,2,1.65
1794134,Express Auto Service,expressautoservice,Course,5374 N Elston Ave,Chicago,expressa5374nelschicago,40,35,40,100,0,0,31,77.5,9,22.5
1981855,Don Foshays Discount Tire & Alignment,donfoshaysdiscounttirealignment,Course,380 Main St,South Portland,donfosha380mainssouthpor,1504,0,1504,100,0,0,1189,79.06,315,20.94
1803974,Bergy's Automotive,bergysautomotive,Course,610 N Division Ave,Polo,bergysau610ndivipolo,73,27,55,75.34,18,24.66,68,93.15,5,6.85
1795514,TOM'S WHOLESALE TIRES,tomswholesaletires,Course,66 E Main St,East Palestine,tomswhol66emainseastpale,670,0,640,95.52,30,4.48,582,86.87,88,13.13
1981844,Don Foshay's Discount Tire & Alignment,donfoshaysdiscounttirealignment,Course,123 Bath Rd,Brunswick,donfosha123bathrbrunswic,0,2000,0,,0,,0,,0,
1981854,Don Foshay's Discount Tire & Alignment,donfoshaysdiscounttirealignment,Course,5 Williams Plaza,Damariscotta,donfosha5williamdamarisc,666,0,666,100,0,0,445,66.82,221,33.18
1813028,Mercon Co. DBA Venburg Tire,merconcodbavenburgtire,Course,3001 Highway 61 N,Maplewood,merconco3001highmaplewoo,732,268,732,100,0,0,664,90.71,68,9.29
1803546,tire express,tireexpress,Course,4866 wadsworth rd,dayton,tireexpr4866wadsdayton,1220,0,1097,89.92,123,10.08,977,80.08,243,19.92
1807984,Seward's Tires Inc,sewardstires,Course,952 Main Street,Great Barrington,sewardst952mainsgreatbar,2170,0,2000,92.17,170,7.83,1943,89.54,227,10.46
1812759,State Street Tire,statestreettire,Course,3276 Manchester Rd.,Akron,statestr3276mancakron,1257,0,1228,97.69,29,2.31,1174,93.4,83,6.6
1795021,Commercial Tire Centers Inc,commercialtirecenters,Course,2144 W. Crawford,Salina,commerci2144wcrasalina,1428,0,1428,100,0,0,639,44.75,789,55.25
1981847,Don Foshay's Discount Tire & Alignment,donfoshaysdiscounttirealignment,Course,217 Northport Ave,Belfast,donfosha217northbelfast,400,50,400,100,0,0,275,68.75,125,31.25
1802941,Mooresville Service Center,mooresvilleservicecenter,Course,372 N Main Street,Mooresville,mooresvi372nmainmooresvi,741,0,625,84.35,116,15.65,583,78.68,158,21.32
1804764,Tire It Wholesale,tireitwholesale,Course,388 N Jebavy Dr,Ludington,tireitwh388njebaludingto,2281,0,1917,84.04,364,15.96,2208,96.8,73,3.2
1805100,Lias Tire,liastire,Course,488 NORTH 5TH STREET,INDIANA,liastire488northindiana,4079,0,4079,100,0,0,3634,89.09,445,10.91
1809214,Parma Tire & Automotive,parmatireautomotive,Course,1145 Pearl Rd,Brunswick,parmatir1145pearbrunswic,325,0,311,95.69,14,4.31,292,89.85,33,10.15
1803905,Beachlers Vehicle Care & Repair,beachlersvehiclecarerepair,Course,3623 N University St,Peoria,beachler3623nunipeoria,327,0,327,100,0,0,322,98.47,5,1.53
1813234,Valley Auto And Tire,valleyautoandtire,Course,201 South Camellia Blvd.,Fort Valley,valleyau201southfortvall,234,66,234,100,0,0,229,97.86,5,2.14
1808093,Standridge Tire Pros,standridgetirepros,Course,101 N Ash,Paul's Valley,standrid101nashpaulsval,187,13,166,88.77,21,11.23,151,80.75,36,19.25
1805848,Rod's Tire and Auto,rodstireandauto,Course,47 Perimeter Place,Medina,rodstire47perimemedina,709,91,708,99.86,1,0.14,539,76.02,170,23.98
1800175,Tredroc Tire Services,tredroctireservices,Course,2450 LUNT AVE,ELK GROVE VILLAGE,tredroct2450luntelkgrove,539,0,539,100,0,0,285,52.88,254,47.12
1800712,Best One Tire & Service of Mid America,bestonetireserviceofmidamerica,Course,5999 Meijer Dr,Milford,bestonet5999meijmilford,796,0,796,100,0,0,527,66.21,269,33.79
1803837,Gobble's Automotive,gobblesautomotive,Course,4640 North Lee Hwy,Cleveland,gobblesa4640nortclevelan,217,0,217,100,0,0,213,98.16,4,1.84
1797329,Oxford Tire,oxfordtire,Course,109 E Park Ave,Tonkawa,oxfordti109eparktonkawa,274,0,274,100,0,0,103,37.59,171,62.41
1808842,Bailey's Tire Services,baileystireservices,Course,101 West Main St,Everson,baileyst101westmeverson,238,0,238,100,0,0,220,92.44,18,7.56
1799736,ASAP AUTO CARE,asapautocare,Course,112 16TH STREET,WHEELING,asapauto11216thswheeling,277,0,277,100,0,0,160,57.76,117,42.24
1805112,VC's Wheel & Tire,vcswheeltire,Course,711 Breckenridge St,Owensboro,vcswheel711breckowensbor,3569,0,3387,94.9,182,5.1,3488,97.73,81,2.27
1801773,Calvary Tire & Brake,calvarytirebrake,Course,6001 sonoma hwy.,santa rosa,calvaryt6001sonosantaros,307,0,287,93.49,20,6.51,295,96.09,12,3.91
1807823,R.J.Daniels Fuel & Tire,rjdanielsfueltire,Course,8094 Fairgrounds rd,Belvidere,rjdaniel8094fairbelvider,345,0,337,97.68,8,2.32,341,98.84,4,1.16
1812698,Tops Tire & Wheel,topstirewheel,Course,1100 Texas,El Paso,topstire1100texaelpaso,426,0,426,100,0,0,378,88.73,48,11.27
1805929,aweare auto & truck repair inc.,aweareautotruckrepair,Course,99 north stark highway,weare,aweareau99northsweare,366,0,366,100,0,0,334,91.26,32,8.74
1808826,Western Auto Associates,westernautoassociates,Course,32 main st,rainelle,westerna32mainstrainelle,898,452,898,100,0,0,477,53.12,421,46.88
1797500,discount tire & battery,discounttirebattery,Course,102 michigan ave,st.louis,discount102michistlouis,324,0,324,100,0,0,118,36.42,206,63.58
1809591,Child's Automotive,childsautomotive,Course,211 Edie Road,Saratoga Springs,childsau211ediersaratoga,652,0,652,100,0,0,616,94.48,36,5.52
1813307,Tire Sales LLC,tiresales,Course,600 First State Boulevard,Newport,tiresale600firstnewport,740,160,740,100,0,0,728,98.38,12,1.62
1810504,Hawkeye Automotive,hawkeyeautomotive,Course,909 S Rand Rd,Lake Zurich,hawkeyea909srandlakezuri,0,100,0,,0,,0,,0,
1797712,Miller Tire,millertire,Course,403 Freeport St,Saxonburg,millerti403freepsaxonbur,159,0,159,100,0,0,46,28.93,113,71.07
1810924,redwood tree,redwoodtree,Course,859 n state st,ukiah,redwoodt859nstatukiah,364,0,315,86.54,49,13.46,349,95.88,15,4.12
1811708,Valley Service,valleyservice,Course,357 Central Ave N,VALLEY CITY,valleyse357centrvalleyci,44,56,42,95.45,2,4.55,43,97.73,1,2.27
1808838,South Hill Tire & Service Center,southhilltireservicecenter,Course,618 E. Atlantic St.,South Hill,southhil618eatlasouthhil,169,31,169,100,0,0,169,100,0,0
1798262,Best One Tire & Service of Newburgh,bestonetireserviceofnewburgh,Course,7800 Fruitwood LN,Newburgh,bestonet7800fruinewburgh,1895,0,1895,100,0,0,1081,57.04,814,42.96
1803657,sherwood tire service inc,sherwoodtireservice,Course,2155 n oak drive,plymouth,sherwood2155noakplymouth,255,0,255,100,0,0,243,95.29,12,4.71
1808973,EARL STEWART TOYOTA,earlstewarttoyota,Course,1215 US HWY ONE,LAKE PARK,earlstew1215ushwlakepark,1904,0,1724,90.55,180,9.45,1896,99.58,8,0.42
1806233,Smileys Wholesale Tire Co. LLC,smileyswholesaletireco,Course,2507 MILL ST.,ALIQUIPPA,smileysw2507millaliquipp,1865,0,1865,100,0,0,1468,78.71,397,21.29
1796615,I90 Enterprises LLC,i90enterprises,Course,400 E State Rd 59,Edgerton,i90enter400estatedgerton,223,77,223,100,0,0,152,68.16,71,31.84
1796186,GOMM'S TIRE,gommstire,Course,7 WHITE RD,HEWITT,gommstir7whiterdhewitt,655,0,655,100,0,0,431,65.8,224,34.2
1803834,Boulevard Tire Center,boulevardtirecenter,Course,816 S. Woodland Blvd.,DELAND,boulevar816swooddeland,3113,0,2427,77.96,686,22.04,2705,86.89,408,13.11
1806570,Watson General Tire,watsongeneraltire,Course,705 E Main St,DANVILLE,watsonge705emaindanville,2298,0,2244,97.65,54,2.35,2131,92.73,167,7.27
1798038,Halls Tires,hallstires,Course,3592 Cedar Lakes Drive,Ripley,hallstir3592cedaripley,2098,0,1554,74.07,544,25.93,1832,87.32,266,12.68
1803980,Quality tire and automotive,qualitytireandautomotive,Course,900 randolph st.,thomasville,qualityt900randothomasvi,1579,0,1579,100,0,0,1531,96.96,48,3.04
1808029,tecumseh tire exchange,tecumsehtireexchange,Course,615 mohawk,tecumseh,tecumseh615mohawtecumseh,1619,181,1615,99.75,4,0.25,1288,79.56,331,20.44
1794639,Scottie's Speed Shop Inc.,scottiesspeedshop,Course,4773 E. State Rd. 10,Demotte,scotties4773estademotte,365,0,365,100,0,0,170,46.58,195,53.42
1793995,College Park Tire & Auto,collegeparktireauto,Course,6169 Old National Highway,College Park,collegep6169oldncollegep,152,0,152,100,0,0,68,44.74,84,55.26
1801983,Kundert Auto and Truck service,kundertautoandtruckservice,Course,1224 18th st,Monroe,kunderta122418thmonroe,105,0,105,100,0,0,101,96.19,4,3.81
1809032,manning's northern tire co,manningsnortherntire,Course,624 e state st,cheboygan,mannings624estatcheboyga,254,346,240,94.49,14,5.51,184,72.44,70,27.56
1809524,Edison American inc.,edisonamerican,Course,365 Route 1 South,Edison,edisonam365routeedison,474,0,474,100,0,0,400,84.39,74,15.61
1810850,Sheaves Garage LLC,sheavesgarage,Course,610 Middlebrook Ave,Staunton,sheavesg610middlstaunton,288,0,288,100,0,0,191,66.32,97,33.68
1797746,Anthony Wayne Tire & Auto Repair,anthonywaynetireautorepair,Course,7952 Monclova,Monclova,anthonyw7952moncmonclova,310,0,310,100,0,0,275,88.71,35,11.29
1809873,Bienie's Body Shop,bieniesbodyshop,Course,126 N Poplar St.,Ottawa,bieniesb126npoplottawa,155,78,155,100,0,0,155,100,0,0
1809617,The Tire Shop Inc,thetireshop,Course,925 Edwards Ferry Rd,Leesburg,thetires925edwarleesburg,3525,475,3396,96.34,129,3.66,2471,70.1,1054,29.9
1801743,HOMERS PARTS AND ACCESSORIES,homerspartsandaccessories,Course,9301 Rich Patch Rd,Covington,homerspa9301richcovingto,164,36,164,100,0,0,164,100,0,0
1811591,Gold Star FS,goldstarfs,Course,2004 State Hwy 17 E,Aledo,goldstar2004stataledo,204,0,196,96.08,8,3.92,204,100,0,0
1808935,Yeck's Tire & Auto,yeckstireauto,Course,203 Fort Crook Rd N,Bellevue,yeckstir203fortcbellevue,206,0,189,91.75,17,8.25,204,99.03,2,0.97
1802743,HINES AUTOCARE & REPAIR INC,hinesautocarerepair,Course,501 4TH AVE,ALTOONA,hinesaut5014thavaltoona,203,0,203,100,0,0,195,96.06,8,3.94
1800188,Columbiana Tire Sales,columbianatiresales,Course,1013 Sponseller Road,Columbiana,columbia1013sponcolumbia,180,45,180,100,0,0,118,65.56,62,34.44
1794490,Lynwood Tire & Auto Service,lynwoodtireautoservice,Course,2390 Glenwood Dyer Road,Lynwood,lynwoodt2390glenlynwood,255,45,255,100,0,0,232,90.98,23,9.02
1812297,plymouth tire & service,plymouthtireservice,Course,2150 n oak drive,plymouth,plymouth2150noakplymouth,427,173,427,100,0,0,419,98.13,8,1.87
1805306,RNS Service Inc,rnsservice,Course,318 S Elm St,Orrville,rnsservi318selmsorrville,187,13,187,100,0,0,187,100,0,0
1805654,Brian's Automotive,briansautomotive,Course,520 market st,LaCygne,briansau520markelacygne,201,0,199,99,2,1,172,85.57,29,14.43
1807431,Crossville Tire & Appliance,crossvilletireappliance,Course,3250 North Main,Crossville,crossvil3250nortcrossvil,184,116,184,100,0,0,169,91.85,15,8.15
1805026,Central Tire,centraltire,Course,1307 Main St,Sanford,centralt1307mainsanford,584,416,584,100,0,0,480,82.19,104,17.81
1801008,Camden ave tire,camdenavetire,Course,3105 Camden Ave,Parkersburg,camdenav3105camdparkersb,1057,0,918,86.85,139,13.15,551,52.13,506,47.87
1807787,turpins auto repair,turpinsautorepair,Course,1216 s roane st,harriman,turpinsa1216sroaharriman,254,0,254,100,0,0,244,96.06,10,3.94
1803931,Wayland BP,waylandbp,Course,150 N Main Street,Wayland,waylandb150nmainwayland,547,0,534,97.62,13,2.38,537,98.17,10,1.83
1804954,Ark Valley Tire and Service Inc.,arkvalleytireandservice,Course,408 South Main,Cimarron,arkvalle408southcimarron,221,0,221,100,0,0,221,100,0,0
1813374,Krenzen Auto,krenzenauto,Course,2500 Mall Drive,Duluth,krenzena2500mallduluth,569,0,569,100,0,0,567,99.65,2,0.35
1807510,Western Auto,westernauto,Course,101 N Jackson,Henderson,westerna101njackhenderso,119,0,119,100,0,0,100,84.03,19,15.97
1803600,Schneider Tire and Lube,schneidertireandlube,Course,3931 Hwy. 90,Columbus,schneide3931hwy9columbus,427,173,349,81.73,78,18.27,409,95.78,18,4.22
1809084,Anderson AutoCare,andersonautocare,Course,13223 Q Street,Omaha,anderson13223qstomaha,468,0,449,95.94,19,4.06,455,97.22,13,2.78
1810980,Glenshaw Auto Service,glenshawautoservice,Course,1400 mt royal blvd,glenshaw,glenshaw1400mtroglenshaw,271,29,271,100,0,0,266,98.15,5,1.85
1812643,O'Brien's Battery and Tire Service Inc,obriensbatteryandtireservice,Course,3782 N Wozniak Rd,Michigan City,obriensb3782nwozmichigan,0,0,0,,0,,0,,0,
1800801,Stanley Tire Center,stanleytirecenter,Course,108 Industrial Park Road,Stanley,stanleyt108indusstanley,916,0,916,100,0,0,821,89.63,95,10.37
1799675,CORP TIRE,corptire,Course,7310 N FIVE CORNERS RD,LENA,corptire7310nfivlena,13,237,13,100,0,0,13,100,0,0
1808924,Teaneck Shell,teaneckshell,Course,209 Cedar Lane,Teaneck,teanecks209cedarteaneck,163,0,163,100,0,0,157,96.32,6,3.68
1795377,Pace Tire Center,pacetirecenter,Course,320 West Broad ST,Central City,pacetire320westbcentralc,201,0,201,100,0,0,88,43.78,113,56.22
1802099,automotive procare,automotiveprocare,Course,457 16th ave nw,rochester,automoti45716tharocheste,138,0,138,100,0,0,134,97.1,4,2.9
1800725,Jose's Tire Service,josestireservice,Course,1331 15th st,moline,josestir133115thmoline,911,289,907,99.56,4,0.44,507,55.65,404,44.35
1811354,Stowe Road Auto Repair Inc.,stoweroadautorepair,Course,1328 Laporte Road,Morrisville,stoweroa1328lapomorrisvi,160,40,146,91.25,14,8.75,138,86.25,22,13.75
1797532,Sullivan's car care center Inc.,sullivanscarcarecenter,Course,3500 Brewerton Road,North Syracuse,sullivan3500brewnorthsyr,155,0,155,100,0,0,127,81.94,28,18.06
1807039,Clicks Tire Service,clickstireservice,Course,22592 E. Martin,Porter,clicksti22592emaporter,711,0,625,87.9,86,12.1,695,97.75,16,2.25
1802054,J&R Auto Service,jrautoservice,Course,629 N. Main St,Oshkosh,jrautose629nmainoshkosh,87,13,87,100,0,0,80,91.95,7,8.05
1797426,Diamond Tires,diamondtires,Course,1400 WOOSTER RD W,BARBERTON,diamondt1400woosbarberto,84,141,83,98.81,1,1.19,40,47.62,44,52.38
1808672,Automotive Source Inc,automotivesource,Course,61 E Chestnut St,Chilton,automoti61echestchilton,513,0,513,100,0,0,498,97.08,15,2.92
1809096,BOUGE'S AUTO SERVICE,bougesautoservice,Course,1001 GALVIN ROAD SOUTH,BELLEVUE,bougesau1001galvbellevue,117,0,117,100,0,0,117,100,0,0
1794911,Tire Tracks USA,tiretracksusa,Course,18612 NW Frontage Rd.,Joliet,tiretrac18612nwfjoliet,85,0,85,100,0,0,72,84.71,13,15.29
1812691,L & M tire & wheel,lmtirewheel,Course,185 W King St,Abbottstown,lmtirewh185wkingabbottst,4822,0,4788,99.29,34,0.71,2908,60.31,1914,39.69
1802764,Stacy's Tires & Lube,stacystireslube,Course,22155 Kingsland Blvd Suite A,Katy,stacysti22155kinkaty,130,170,80,61.54,50,38.46,126,96.92,4,3.08
1807321,Larry's tire and automotive,larrystireandautomotive,Course,1070 WOODBERRY SQUARE PLACE,lynchburg,larrysti1070woodlynchbur,1481,0,1481,100,0,0,1364,92.1,117,7.9
1812500,CENTRAL TIRE AND AUTO,centraltireandauto,Course,1512 1ST ST SW,WILLMAR,centralt15121stswillmar,447,3,447,100,0,0,440,98.43,7,1.57
1806761,Grames tire and battery inc.,gramestireandbattery,Course,471 east main st,marcellus,gramesti471eastmmarcellu,216,84,216,100,0,0,188,87.04,28,12.96
1798258,Skander Tire Service,skandertireservice,Course,1667 Evans City Road,Evans City,skandert1667evanevanscit,55,345,55,100,0,0,40,72.73,15,27.27
1800368,Tire Star Ligonier,tirestarligonier,Course,808 N. Cavin St,Ligonier,tirestar808ncaviligonier,0,800,0,,0,,0,,0,
1802583,The Muffler Center,themufflercenter,Course,3560 Holland Road,Virginia Beach,themuffl3560hollvirginia,30,70,30,100,0,0,30,100,0,0
1812791,HANSENS AUTO CARE,hansensautocare,Course,415 W JOHNSON,FOND DU LAC,hansensa415wjohnfonddula,252,48,252,100,0,0,244,96.83,8,3.17
1794570,Best One Tire & Service of Henderson,bestonetireserviceofhenderson,Course,141 N.Garden Mile RD,Henderson,bestonet141ngardhenderso,1388,0,1388,100,0,0,699,50.36,689,49.64
1811524,LEOS TIRE SERVICE INC.,leostireservice,Course,166 LINCOLN AVE,VANDERGRIFT,leostire166lincovandergr,104,96,104,100,0,0,82,78.85,22,21.15
1798152,Pyma-Tuning & Tire,pymatuningtire,Course,400 N Main St,Andover,pymatuni400nmainandover,125,175,125,100,0,0,85,68,40,32
1805173,MATHEYS' AUTO SERVICE,matheysautoservice,Course,1211 MONROEVILLE AVE,TURTLE CREEK,matheysa1211monrturtlecr,185,15,185,100,0,0,170,91.89,15,8.11
1795723,Whitaker Tire,whitakertire,Course,3701 Greensprings Ave,West Mifflin,whitaker3701greewestmiff,85,140,55,64.71,30,35.29,74,87.06,11,12.94
1813424,KENNEDY TIRE & AUTO SERVICE,kennedytireautoservice,Course,530 W. EDMOND ROAD,EDMOND,kennedyt530wedmoedmond,616,0,598,97.08,18,2.92,540,87.66,76,12.34
1802232,Dons Auto Service,donsautoservice,Course,521 main st,derby,donsauto521mainsderby,125,75,125,100,0,0,116,92.8,9,7.2
1796422,Watson Tire & Automotive,watsontireautomotive,Course,700 E Main St,Danville,watsonti700emaindanville,1226,0,1226,100,0,0,1102,89.89,124,10.11
1806034,Best Wholesale Tire Co.,bestwholesaletire,Course,4348 Bakerstown Culmerville Rd,Gibsonia,bestwhol4348bakegibsonia,56,44,56,100,0,0,46,82.14,10,17.86
1812217,Freedom Tire,freedomtire,Course,37 Westville Road,Plaistow,freedomt37westviplaistow,979,371,977,99.8,2,0.2,916,93.56,63,6.44
1813457,Dick's Tire Haus,dickstirehaus,Course,320 East Main Street,Monroe,dickstir320eastmmonroe,115,0,115,100,0,0,113,98.26,2,1.74
1797349,HARVARD QUIK LUBE,harvardquiklube,Course,360 S. Division St.,Harvard,harvardq360sdiviharvard,103,0,103,100,0,0,95,92.23,8,7.77
1809334,Troy Tire & Equipment co inc.,troytireequipmentco,Course,6601 Fall Brook Road,Troy,troytire6601falltroy,411,39,387,94.16,24,5.84,362,88.08,49,11.92
1806086,Dixie Tire & Diesel Inc.,dixietirediesel,Course,2722 Polkville Rd.,Shelby,dixietir2722polkshelby,327,0,327,100,0,0,297,90.83,30,9.17
1807601,Thomas Tire & Automotive,thomastireautomotive,Course,162 N. Cherry St.,Asheboro,thomasti162ncherasheboro,5952,0,5944,99.87,8,0.13,5146,86.46,806,13.54
1800370,ken's auto service,kensautoservice,Course,1656 massillon rd,akron,kensauto1656massakron,142,8,142,100,0,0,135,95.07,7,4.93
1932479,Rooster Bush Automotive,roosterbushautomotive,Course,2581 hickory blvd se,lenoir,roosterb2581hicklenoir,199,0,199,100,0,0,94,47.24,105,52.76
1802180,JEREMY'S AUTOMOTIVE & PERFORMANCE,jeremysautomotiveperformance,Course,10788 GRATIOT AVE,CASCO,jeremysa10788gracasco,119,0,119,100,0,0,81,68.07,38,31.93
1811136,Powell Tire Company LLC,powelltirecompany,Course,2007 SE Main,Roswell,powellti2007semaroswell,861,339,858,99.65,3,0.35,797,92.57,64,7.43
1810874,The Burggraf Corppration,theburggrafcorppration,Course,70500 East 128 rd,wyandotte,theburgg70500easwyandott,694,0,694,100,0,0,605,87.18,89,12.82
1811523,Keisters Tire,keisterstire,Course,1103 E Jackson,Macomb,keisters1103ejacmacomb,256,644,256,100,0,0,243,94.92,13,5.08
1812074,VESTAL GOODWRENCH EXPRESS,vestalgoodwrenchexpress,Course,810 HIGHWAY 66 SOUTH,KERNERSVILLE,vestalgo810highwkernersv,688,0,627,91.13,61,8.87,677,98.4,11,1.6
1807505,Martin Tire & Service,martintireservice,Course,15 Grant Ave,Etna,martinti15grantaetna,533,0,533,100,0,0,524,98.31,9,1.69
1810741,Hattiesburg Cars,hattiesburgcars,Course,1620 West Pine St,Hattiesburg,hattiesb1620westhattiesb,285,0,281,98.6,4,1.4,285,100,0,0
1798042,Gene's Tire & Service Towing,genestireservicetowing,Course,15745 hwy 17,Crocker,genestir15745hwycrocker,432,0,432,100,0,0,416,96.3,16,3.7
1795828,Parks Automotive,parksautomotive,Course,625 W. North St.,DeForest,parksaut625wnortdeforest,190,35,190,100,0,0,163,85.79,27,14.21
1810868,Avenue Auto Clinic,avenueautoclinic,Course,503 W Verona Ave,Verona,avenueau503wveroverona,412,0,412,100,0,0,391,94.9,21,5.1
1795053,vision tire and auto,visiontireandauto,Course,631 N Pennsylvania Ave,LANSING,visionti631npennlansing,133,17,133,100,0,0,92,69.17,41,30.83
1796047,Allen's Tire,allenstire,Course,113 E. 7th Street,Rusk,allensti113e7thsrusk,1732,0,1732,100,0,0,937,54.1,795,45.9
1799250,Bartlett Tire & Lube,bartletttirelube,Course,204 Hwy 1 South,Marvell,bartlett204hwy1smarvell,169,56,169,100,0,0,109,64.5,60,35.5
1803183,Wholesale Tire,wholesaletire,Course,1209 N. Bridge St.,Yorkville,wholesal1209nbriyorkvill,404,0,404,100,0,0,377,93.32,27,6.68
1800118,Arkansas Tire & Auto Service,arkansastireautoservice,Course,2304 E. Main St.,Russellville,arkansas2304emairussellv,497,0,497,100,0,0,152,30.58,345,69.42
1811918,Krueger's Auto Tech Center,kruegersautotechcenter,Course,W61 N225 Cardinal Ave,Cedarburg,kruegersw61n225ccedarbur,614,0,614,100,0,0,604,98.37,10,1.63
1812117,every tire and wheel,everytireandwheel,Course,34815 vine st,eastlake,everytir34815vineastlake,235,65,187,79.57,48,20.43,185,78.72,50,21.28
1810422,crawford tire llc,crawfordtire,Course,332 s. pitts,marshfield,crawford332spittmarshfie,1522,0,1339,87.98,183,12.02,1465,96.25,57,3.75
1793627,Casteel's Tire,casteelstire,Course,614 W MAIN ST,DURANT,casteels614wmaindurant,362,0,362,100,0,0,64,17.68,298,82.32
1804308,CALLAGY TIRE INC.,callagytire,Course,6625 S BABCOCK ST SE,MALABAR,callagyt6625sbabmalabar,2014,0,2014,100,0,0,1780,88.38,234,11.62
1813292,Nathan's Tire LLC,nathanstire,Course,315 Day Ave.,Summersville,nathanst315dayavsummersv,113,0,113,100,0,0,113,100,0,0
1800818,The Tire Place,thetireplace,Course,231 throckmorton street,freehold,thetirep231throcfreehold,457,0,457,100,0,0,156,34.14,301,65.86
1811381,Tire Barn,tirebarn,Course,14645 S. Memorial Dr.,Bixby,tirebarn14645smebixby,2140,0,2140,100,0,0,1681,78.55,459,21.45
1804505,ECONOMY TIRE,economytire,Course,4588 US HWY 431,ALBERTVILLE,economyt4588ushwalbertvi,708,0,624,88.14,84,11.86,643,90.82,65,9.18
1804695,Bazzi Tires & Wheels,bazzitireswheels,Course,8001 Schaefer Hwy,Detroit,bazzitir8001schadetroit,46,220,46,100,0,0,2,4.35,44,95.65
1796804,FATHEAD TIRE & ACCESSORIES,fatheadtireaccessories,Course,1200 LANNOM LN,UNION CITY,fatheadt1200lannunioncit,470,0,433,92.13,37,7.87,303,64.47,167,35.53
1806963,Lignite Tire Inc,lignitetire,Course,300 19th St NW,Beulah,lignitet30019thsbeulah,761,0,728,95.66,33,4.34,753,98.95,8,1.05
1798717,Long's Tire Inc,longstire,Course,2702 n main,baytown,longstir2702nmaibaytown,795,0,782,98.36,13,1.64,473,59.5,322,40.5
1810117,Cobb Tire & Auto Repair,cobbtireautorepair,Course,301 University Ridge,Greenville,cobbtire301univegreenvil,530,70,530,100,0,0,501,94.53,29,5.47
1811033,Big Red Tire Pros,bigredtirepros,Course,4900 Old Cheney,Lincoln,bigredti4900oldclincoln,106,0,100,94.34,6,5.66,100,94.34,6,5.66
1797270,LeVan's Service Center,levansservicecenter,Course,1320 S. Main St.,Bellefontaine,levansse1320smaibellefon,410,340,381,92.93,29,7.07,179,43.66,231,56.34
1810801,ALL MAKES AND MODELS AUTO REPAIR,allmakesandmodelsautorepair,Course,7993 HILLS AND DALES RD,MASSILLON,allmakes7993hillmassillo,247,0,247,100,0,0,239,96.76,8,3.24
1799617,Loch Lynn Service Center Inc,lochlynnservicecenter,Course,5 West 3rd avenue,Oakland,lochlynn5west3rdoakland,305,95,290,95.08,15,4.92,285,93.44,20,6.56
1807465,PORTAGE TIRE & AUTO,portagetireauto,Course,3520 SCOTTSDALE,PORTAGE,portaget3520scotportage,400,0,400,100,0,0,334,83.5,66,16.5
1807851,Don's Sunoco,donssunoco,Course,375 Chestnut Ridge Road,Woodcliff Lake,donssuno375chestwoodclif,304,0,304,100,0,0,296,97.37,8,2.63
1808305,Claremore Tire,claremoretire,Course,625 W Will Rogers Blvd,Claremore,claremor625wwillclaremor,293,0,261,89.08,32,10.92,269,91.81,24,8.19
1805820,Tirequest Automotive,tirequestautomotive,Course,220 Hwy 53 East,Calhoun,tireques220hwy53calhoun,550,50,518,94.18,32,5.82,517,94,33,6
1810132,Franks Tire and Auto,frankstireandauto,Course,1210 lincoln Rd,Allegan,franksti1210lincallegan,205,0,193,94.15,12,5.85,144,70.24,61,29.76
1798166,degenhardt tire,degenhardttire,Course,615 w garland,west salem,degenhar615wgarlwestsale,230,170,230,100,0,0,222,96.52,8,3.48
1794824,SMALLWOOD'S TIRE,smallwoodstire,Course,624 CALIFORNIA AVE.,ROCHESTER,smallwoo624califrocheste,3047,0,3035,99.61,12,0.39,1758,57.7,1289,42.3
1808833,MALOTT AUOTMOTIVE,malottauotmotive,Course,13512 Five Points Mowrystown Rd,Sardinia,malottau13512fivsardinia,111,0,111,100,0,0,92,82.88,19,17.12
1804301,Irish Hills Automotive & Tire,irishhillsautomotivetire,Course,11565 Brooklyn Rd,Brooklyn,irishhil11565brobrooklyn,84,16,84,100,0,0,71,84.52,13,15.48
1796927,Tulare Service,tulareservice,Course,401 US Hwy 281,Tulare,tularese401ushwytulare,33,192,33,100,0,0,23,69.7,10,30.3
1796870,Community Tire,communitytire,Course,1675 Seneca St,Buffalo,communit1675senebuffalo,1707,0,1707,100,0,0,1197,70.12,510,29.88
1812208,Williamsons Repair and Tire,williamsonsrepairandtire,Course,1420 2ND STR NE,bondurant,williams14202ndsbonduran,346,0,346,100,0,0,316,91.33,30,8.67
1810056,Jimmy's Tire & Auto,jimmystireauto,Course,3759 Virginia Ave,Collinsville,jimmysti3759virgcollinsv,254,0,254,100,0,0,246,96.85,8,3.15
1796845,Martin & Sons Tire and Auto LLC,martinsonstireandauto,Course,1150 Hwy 133 N,Crossett,martinso1150hwy1crossett,292,0,275,94.18,17,5.82,191,65.41,101,34.59
1809953,Shirlington Service Center,shirlingtonservicecenter,Course,2817 S Quincy St,Arlington,shirling2817squiarlingto,399,0,399,100,0,0,379,94.99,20,5.01
1804447,Nelson Auto World - University Service,nelsonautoworlduniversityservice,Course,1625 Como Ave SE,Minneapolis,nelsonau1625comominneapo,130,0,130,100,0,0,110,84.62,20,15.38
1798885,Roger's Auto and Tire Supply,rogersautoandtiresupply,Course,126 S Hughes,Morris,rogersau126shughmorris,580,0,580,100,0,0,191,32.93,389,67.07
1803512,Reed Tire Inc.,reedtire,Course,19481 US Hwy 285,La Jara,reedtire19481ushlajara,847,53,780,92.09,67,7.91,780,92.09,67,7.91
1803251,Shaffner Tire,shaffnertire,Course,107 Audley,LaPorte,shaffner107audlelaporte,0,2000,0,,0,,0,,0,
1800567,Dana's Tire Center,danastirecenter,Course,17000 Diamond Brick Road,Nelsonville,danastir17000dianelsonvi,95,0,95,100,0,0,43,45.26,52,54.74
1812763,City Tire Pros,citytirepros,Course,1800 East Pike,ZANESVILLE,citytire1800eastzanesvil,1241,0,1233,99.36,8,0.64,1219,98.23,22,1.77
1809698,Darrells Tire Service,darrellstireservice,Course,1019 N. Walnut St,Madison,darrells1019nwalmadison,151,0,151,100,0,0,151,100,0,0
1812838,Professional Automotive,professionalautomotive,Course,7013 E 86th St,Indianapolis,professi7013e86tindianap,63,137,63,100,0,0,63,100,0,0
1812509,Marshall's tire &automotive,marshallstireautomotive,Course,4609 Mahoning ave,Warren,marshall4609mahowarren,618,0,525,84.95,93,15.05,489,79.13,129,20.87
1811796,Ithaca Auto Service,ithacaautoservice,Course,618 Elmira rd Suite 1,Ithaca,ithacaau618elmirithaca,248,0,248,100,0,0,220,88.71,28,11.29
1808787,Weaverville Tire & Wheel,weavervilletirewheel,Course,176 Old Mars Hill Hwy,Weaverville,weavervi176oldmaweavervi,1832,0,1826,99.67,6,0.33,1203,65.67,629,34.33
1796418,Glenn's After Hours Repair Services,glennsafterhoursrepairservices,Course,4821 Milgen Road,Columbus,glennsaf4821milgcolumbus,30,45,30,100,0,0,20,66.67,10,33.33
1803481,elkgrovemarathon.com,elkgrovemarathoncom,Course,1195 Rohlwing Rd,Elk Grove Village,elkgrove1195rohlelkgrove,269,331,269,100,0,0,259,96.28,10,3.72
1796935,M120 TIRE WHOLESALERS PLUS,m120tirewholesalersplus,Course,1770 HOLTON RD,MUSKEGON,m120tire1770holtmuskegon,552,0,552,100,0,0,506,91.67,46,8.33
1799857,4 corner tire co,4cornertire,Course,4189 st hwy 30,Amsterdam,4cornert4189sthwamsterda,4981,0,4327,86.87,654,13.13,3558,71.43,1423,28.57
1807448,Fulton Tire,fultontire,Course,460 National Rd,Wheeling,fultonti460natiowheeling,1626,0,1626,100,0,0,1303,80.14,323,19.86
1810747,Baker's Alignment & Brake Service,bakersalignmentbrakeservice,Course,190 W. Walton BLVD.,Pontiac,bakersal190wwaltpontiac,224,0,223,99.55,1,0.45,202,90.18,22,9.82
1802922,Big Horn Co-op,bighorncoop,Course,346 South 6th St.,Greybull,bighornc346southgreybull,1602,0,1602,100,0,0,1145,71.47,457,28.53
1794595,Myson's Tire Sales,mysonstiresales,Course,1200 S. Guignard Dr.,Sumter,mysonsti1200sguisumter,704,96,547,77.7,157,22.3,391,55.54,313,44.46
1793846,Pirtle Automotive LLC,pirtleautomotive,Course,15685 s hwy 39,stockton,pirtleau15685shwstockton,114,0,114,100,0,0,99,86.84,15,13.16
1799880,Krises Tire and Auto,krisestireandauto,Course,721 Canton St,Troy,krisesti721cantotroy,128,22,128,100,0,0,107,83.59,21,16.41
1799263,Tieman Tire,tiemantire,Course,6847 S State Rd 45,Bloomfield,tiemanti6847sstabloomfie,5409,0,5409,100,0,0,4217,77.96,1192,22.04
1812108,Allied Tire & Auto,alliedtireauto,Course,4749 US Hwy 50,Carson City,alliedti4749ushwcarsonci,286,14,278,97.2,8,2.8,212,74.13,74,25.87
1794793,Tri County Auto And Oil INC,tricountyautoandoil,Course,126 East Main Street,Horse Cave,tricount126eastmhorsecav,442,0,442,100,0,0,209,47.29,233,52.71
1799446,Winnsboro Fast Lane L.L.C.,winnsborofastlane,Course,3782 Front St,winnsboro,winnsbor3782fronwinnsbor,132,0,132,100,0,0,36,27.27,96,72.73
1799593,Sierra Nevada Tire & Wheel,sierranevadatirewheel,Course,659 Main st.,Placerville,sierrane659mainsplacervi,984,0,984,100,0,0,500,50.81,484,49.19
1813030,Tasmanian Tire,tasmaniantire,Course,2345 Eifert Road,Holt,tasmania2345eifeholt,414,36,413,99.76,1,0.24,399,96.38,15,3.62
1957491,Seely's Automotive,seelysautomotive,Course,3668 Roger Chapel Rd.,Hazen,seelysau3668rogehazen,135,0,135,100,0,0,131,97.04,4,2.96
1807528,United Auto Center,unitedautocenter,Course,2468 Churchville Road,Bel Air,unitedau2468churbelair,132,0,132,100,0,0,127,96.21,5,3.79
1807630,Laurel Hill Automotive & Tire,laurelhillautomotivetire,Course,315 Laurel Hill Avenue,Norwich,laurelhi315laurenorwich,1164,0,1164,100,0,0,1025,88.06,139,11.94
1794677,Sanders Tire INC,sanderstire,Course,1632 Wellfords Wharf,Warsaw,sanderst1632wellwarsaw,161,0,161,100,0,0,74,45.96,87,54.04
1802932,Deimler's Tire Service,deimlerstireservice,Course,7297 Spring Road,Shermans Dale,deimlers7297sprishermans,2108,0,2108,100,0,0,1797,85.25,311,14.75
1794856,Myson's Tire Sales,mysonstiresales,Course,3272 Broad St,Sumter,mysonsti3272broasumter,269,0,269,100,0,0,176,65.43,93,34.57
1796048,Stewarts Automotive,stewartsautomotive,Course,107 N. McGraw,Forney,stewarts107nmcgrforney,99,0,99,100,0,0,86,86.87,13,13.13
1796740,Beckers Tire Wholesalers,beckerstirewholesalers,Course,424 W Main St,Fremont,beckerst424wmainfremont,193,57,193,100,0,0,117,60.62,76,39.38
1798016,LEHIGHTON KIA,lehightonkia,Course,21 BLAKSLEE BLVD,LEHIGHTON,lehighto21blaksllehighto,254,196,254,100,0,0,171,67.32,83,32.68
1809516,Muzik's Auto Center,muziksautocenter,Course,704 West Erie Avenue,Lorain,muziksau704westelorain,37,0,37,100,0,0,36,97.3,1,2.7
1799336,MidTown Service Center,midtownservicecenter,Course,1501 Harlan,Falls city,midtowns1501harlfallscit,231,0,231,100,0,0,210,90.91,21,9.09
1813349,Ron Ruegg Automotive,ronrueggautomotive,Course,6117 Alliance Rd NW,Malvern,ronruegg6117allimalvern,224,0,224,100,0,0,220,98.21,4,1.79
1793803,Advantage Tire and Service,advantagetireandservice,Course,6331 HWY 90 east,lake charles,advantag6331hwy9lakechar,305,295,305,100,0,0,205,67.21,100,32.79
1804708,Fred's Garage,fredsgarage,Course,4421 River road,Scottsville,fredsgar4421rivescottsvi,258,42,258,100,0,0,141,54.65,117,45.35
1797918,Butler Tire,butlertire,Course,8 Pittsburgh Rd.,Butler,butlerti8pittsbubutler,519,0,519,100,0,0,423,81.5,96,18.5
1801031,herold family auto & tire,heroldfamilyautotire,Course,400 west smith road,medina,heroldfa400westsmedina,76,0,76,100,0,0,71,93.42,5,6.58
1801218,Garber Motors,garbermotors,Course,1101 W Newton,Versailles,garbermo1101wnewversaill,137,0,137,100,0,0,110,80.29,27,19.71
1800830,Peoria Plaza Tire,peoriaplazatire,Course,1800 Sw washington,Peoria,peoriapl1800swwapeoria,163,137,163,100,0,0,84,51.53,79,48.47
1811277,Al's Tire Shop Inc,alstireshop,Course,3902 Hohman Ave,Hammond,alstires3902hohmhammond,718,0,716,99.72,2,0.28,544,75.77,174,24.23
1812284,Barnes Tire & Supply,barnestiresupply,Course,4458 jackson street,marianna,barnesti4458jackmarianna,0,0,0,,0,,0,,0,
1799001,OAKWOOD TIRE COMPANY LLC,oakwoodtirecompany,Course,17580 N. 450 E. RD.,FITHIAN,oakwoodt17580n45fithian,77,0,77,100,0,0,67,87.01,10,12.99
1813286,Goggans' Tire Service,gogganstireservice,Course,1450 S. Pacific,Mineola,gogganst1450spacmineola,3531,469,3531,100,0,0,3303,93.54,228,6.46
1793970,VanHyning Service,vanhyningservice,Course,89 Franklin St,Dansville,vanhynin89frankldansvill,592,208,592,100,0,0,572,96.62,20,3.38
1807041,Superior Tire Service,superiortireservice,Course,660 14th ave,longview,superior66014thalongview,708,0,708,100,0,0,660,93.22,48,6.78
1805490,Urbana True Tires,urbanatruetires,Course,608 N Cunningham Ave,Urbana,urbanatr608ncunnurbana,121,179,112,92.56,9,7.44,84,69.42,37,30.58
1797485,Thrifty Car Care Center,thriftycarcarecenter,Course,4500 E Morgan Ave,Evansville,thriftyc4500emorevansvil,0,0,0,,0,,0,,0,
1795210,WV Auto Center LLC,wvautocenter,Course,2700 E Dupont Ave Suite 20,Belle,wvautoce2700edupbelle,117,0,117,100,0,0,48,41.03,69,58.97
1794480,North Coast Used Tire Center,northcoastusedtirecenter,Course,5784 North Ridge Rd.,Madison,northcoa5784nortmadison,0,0,0,,0,,0,,0,
1807725,Kalona Tire,kalonatire,Course,1239 Hwy 1,Kalona,kalonati1239hwy1kalona,331,119,295,89.12,36,10.88,321,96.98,10,3.02
1798706,L&D Used Tires,ldusedtires,Course,RR1 box207,Cave in Rock,ldusedtirr1box20caveinro,203,0,203,100,0,0,155,76.35,48,23.65
1794016,Coshocton Tire & Retreading Inc.,coshoctontireretreading,Course,110 W. Pine Street,Coshocton,coshocto110wpinecoshocto,463,537,379,81.86,84,18.14,396,85.53,67,14.47
1800871,MAIN STREET TIRE,mainstreettire,Course,920 NORTH MAIN STREET,CARROLLTON,mainstre920northcarrollt,816,0,816,100,0,0,639,78.31,177,21.69
1811177,delta tire,deltatire,Course,G-3476 S. Saginaw,Burton,deltatirg3476ssaburton,567,0,567,100,0,0,546,96.3,21,3.7
1804142,Redwood Valley Station,redwoodvalleystation,Course,8551 East rd.,Redwood Valley,redwoodv8551eastredwoodv,45,55,45,100,0,0,25,55.56,20,44.44
1797001,TexasTire and Brake,texastireandbrake,Course,309 WL Doc Dodson E.,Naples,texastir309wldocnaples,524,0,520,99.24,4,0.76,252,48.09,272,51.91
1810876,CROSSROADS TIRE AND AUTOMOTIVE SERVICE,crossroadstireandautomotiveservice,Course,2905 N. LAURENT,VICTORIA,crossroa2905nlauvictoria,165,0,165,100,0,0,165,100,0,0
1796080,TOYOTA SCION OF SCRANTON,toyotascionofscranton,Course,3400 NORTH MAIN AVE.,SCRANTON,toyotasc3400nortscranton,863,737,863,100,0,0,502,58.17,361,41.83
1796744,RAM Tire & Auto Service,ramtireautoservice,Course,54 Owasco Rd,Athens,ramtirea54owascoathens,82,68,82,100,0,0,45,54.88,37,45.12
1801061,Turbo Tire,turbotire,Course,401 S Hamilton St,Dalton,turbotir401shamidalton,1765,0,1765,100,0,0,745,42.21,1020,57.79
1795416,Pilot Mountain Rapid Lube,pilotmountainrapidlube,Course,115 Foothill Drive,Pilot Mountain,pilotmou115foothpilotmou,460,0,460,100,0,0,371,80.65,89,19.35
1798489,Quality Tire,qualitytire,Course,2297 Morgantown rd,russellville,qualityt2297morgrussellv,100,0,100,100,0,0,44,44,56,56
1796832,Warren Tire Center,warrentirecenter,Course,1701 Pennsylvania Ave E,Warren,warrenti1701pennwarren,0,0,0,,0,,0,,0,
1803750,Agland Coop,aglandcoop,Course,115 S 1st Street,Parkston,aglandco115s1stsparkston,374,26,374,100,0,0,364,97.33,10,2.67
1804341,TREADS,treads,Course,2569 W Oklahoma,Ulysses,treads2569woklulysses,134,0,125,93.28,9,6.72,97,72.39,37,27.61
1809951,mccarty's machinery,mccartysmachinery,Course,9880 susquehanna trail,muncy,mccartys9880susqmuncy,552,48,552,100,0,0,434,78.62,118,21.38
1798642,Fresh Treads Tire & Lube,freshtreadstirelube,Course,8858 cr 186,dundee,freshtre8858cr18dundee,57,18,46,80.7,11,19.3,47,82.46,10,17.54
1810291,Tires Plus Bemidji,tiresplusbemidji,Course,2525 Middle School Road,Bemidji,tiresplu2525middbemidji,600,0,600,100,0,0,571,95.17,29,4.83
1812666,VAN'S TIRE CENTER,vanstirecenter,Course,67919 gleason st,richmond,vanstire67919glerichmond,1616,0,1565,96.84,51,3.16,931,57.61,685,42.39
1808185,Adirondack Express Lube,adirondackexpresslube,Course,997 St Hwy 29A,Gloversville,adironda997sthwygloversv,400,0,400,100,0,0,348,87,52,13
1804900,After Hours Tire Care LLC,afterhourstirecare,Course,6602 Russell Springs Road,Columbia,afterhou6602russcolumbia,338,0,338,100,0,0,309,91.42,29,8.58
1812482,BIG O TIRES,bigotires,Course,809 VERNON ROAD,LAKE STEVENS,bigotire809vernolakestev,592,8,592,100,0,0,576,97.3,16,2.7
1798252,Best One Tire & Service of Vincennes,bestonetireserviceofvincennes,Course,18 S 6th Street,Vincennes,bestonet18s6thstvincenne,468,0,468,100,0,0,111,23.72,357,76.28
1800930,Troy's Farm Tires,troysfarmtires,Course,7229 S. 250 E.,Lafayette,troysfar7229s250lafayett,594,0,594,100,0,0,569,95.79,25,4.21
1812570,TJA Auto Group Inc.,tjaautogroup,Course,161 Ridge Road,Lyndhurst,tjaautog161ridgelyndhurs,137,0,129,94.16,8,5.84,90,65.69,47,34.31
1806952,FAYETTEVILLE AUTOMOTIVE LLC,fayettevilleautomotive,Course,1501 HUNTSVILLE HIGHWAY,FAYETTEVILLE,fayettev1501huntfayettev,38,128,38,100,0,0,35,92.11,3,7.89
1808834,BOB'S TIRE & AUTO REPAIR,bobstireautorepair,Course,1836 CORUNNA AVE,OWOSSO,bobstire1836coruowosso,771,129,771,100,0,0,700,90.79,71,9.21
1794155,Snyder Tire,snydertire,Course,401 Cadiz Road,Wintersville,snyderti401cadizwintersv,5921,0,5921,100,0,0,4244,71.68,1677,28.32
1796532,NORTHRIDGE AUTOMOTIVE,northridgeautomotive,Course,3059 SWEDEN-WALKER RD,BROCKPORT,northrid3059swedbrockpor,2202,0,2202,100,0,0,1404,63.76,798,36.24
1795035,cold springs automotive,coldspringsautomotive,Course,7841 River Rd,Baldwinsville,coldspri7841rivebaldwins,0,0,0,,0,,0,,0,
1798935,Braden Tire and Service,bradentireandservice,Course,405 E Huron Ave,Bad Axe,bradenti405ehurobadaxe,26,0,26,100,0,0,25,96.15,1,3.85
1795010,Auto Lube Plus,autolubeplus,Course,12665 Route 438,Irving,autolube12665rouirving,691,59,691,100,0,0,417,60.35,274,39.65
1803208,Heinold & Feller Tire Company,heinoldfellertire,Course,1707 E LINCOLNWAY,VALPARAISO,heinoldf1707elinvalparai,321,0,321,100,0,0,318,99.07,3,0.93
1800836,Discount Tire & Wheel,discounttirewheel,Course,702 Park Avenue,Bremerton,discount702parkabremerto,84,116,84,100,0,0,49,58.33,35,41.67
1799099,Coates Car Care,coatescarcare,Course,59 Youngstown Warren Rd,Niles,coatesca59youngsniles,176,0,168,95.45,8,4.55,149,84.66,27,15.34
1797922,melbourne beach exxon,melbournebeachexxon,Course,904 oak st,melbourne beach,melbourn904oakstmelbourn,0,0,0,,0,,0,,0,
1800181,Hegemier Tire Service,hegemiertireservice,Course,120 S Walnut St,Van Wert,hegemier120swalnvanwert,199,0,199,100,0,0,163,81.91,36,18.09
1811583,overdrive inc,overdrive,Course,12 renwick ave,kings park,overdriv12renwickingspar,0,0,0,,0,,0,,0,
1796197,Bens Tire Service,benstireservice,Course,7835 busisnessn row,Orange,benstire7835busiorange,1091,0,1091,100,0,0,910,83.41,181,16.59
1809756,Johnson Tire Auto,johnsontireauto,Course,14056 Big Ridge Rd,Biloxi,johnsont14056bigbiloxi,113,87,113,100,0,0,113,100,0,0
1794669,ultimate Tire & auto,ultimatetireauto,Course,4380 n huron rd,pinconning,ultimate4380nhurpinconni,52,0,52,100,0,0,44,84.62,8,15.38
1810160,Alex and Angel's Tires,alexandangelstires,Course,5443 Shattuck ave,Oakland,alexanda5443shatoakland,85,215,85,100,0,0,83,97.65,2,2.35
1804405,Goulds tire & auto,gouldstireauto,Course,12029 s williams st,Dunnellon,gouldsti12029swidunnello,376,0,317,84.31,59,15.69,341,90.69,35,9.31
1796763,Spencer tire and mounting,spencertireandmounting,Course,270 Ripley road,Spencer,spencert270riplespencer,276,124,276,100,0,0,225,81.52,51,18.48
1799438,RAINBOW TIRE & SUPPLY,rainbowtiresupply,Course,10422 VETERANS MEM HWY,MASONTOWN,rainbowt10422vetmasontow,892,0,875,98.09,17,1.91,838,93.95,54,6.05
1806467,Auto Pros,autopros,Course,19944 W Kellogg Dr,Goddard,autopros19944wkegoddard,155,45,155,100,0,0,146,94.19,9,5.81
1797138,Van Winkle Service Center,vanwinkleservicecenter,Course,1529 Hwy 64,Ramsey,vanwinkl1529hwy6ramsey,541,0,538,99.45,3,0.55,407,75.23,134,24.77
1802320,BARTEL'S AUTO CLINIC-CAROL STREAM,bartelsautocliniccarolstream,Course,190 S GARY AVE,CAROL STREAM,bartelsa190sgarycarolstr,11,89,11,100,0,0,11,100,0,0
1795894,Sidney Tire,sidneytire,Course,1231 Wapakoneta Ave,Sidney,sidneyti1231wapasidney,1250,0,1127,90.16,123,9.84,1166,93.28,84,6.72
1811311,douglas car care,douglascarcare,Course,850 Viking Dr.,Reedsburg,douglasc850vikinreedsbur,210,0,210,100,0,0,196,93.33,14,6.67
1811744,Taylor Automotive LLC,taylorautomotive,Course,1007 Hawkins Ave,Sanford,taylorau1007hawksanford,0,0,0,,0,,0,,0,
1796022,Sanders Tire,sanderstire,Course,95 Smith Street,Lavalette,sanderst95smithslavalett,1025,0,1025,100,0,0,690,67.32,335,32.68
1793960,bosley tire,bosleytire,Course,3948 s broadway,wichita,bosleyti3948sbrowichita,6860,0,6860,100,0,0,5915,86.22,945,13.78
1803988,FORD TIRE & SERVICE,fordtireservice,Course,424 STEUBENVILLE AVE,CAMBRIDGE,fordtire424steubcambridg,1424,0,1163,81.67,261,18.33,1294,90.87,130,9.13
1804953,Elite Automotive Repair,eliteautomotiverepair,Course,560 S. Ronald Reagan Blvd,Longwood,eliteaut560sronalongwood,309,0,305,98.71,4,1.29,297,96.12,12,3.88
1806434,Dakota K Auto Repair & Tire Center,dakotakautorepairtirecenter,Course,3450 N Old Arlington Heights Rd,Arlington Heights,dakotaka3450noldarlingto,80,20,80,100,0,0,74,92.5,6,7.5
1803710,LS Tire LLC,lstire,Course,2049 Old Lancaster Pike,Reading,lstirell2049oldlreading,158,0,158,100,0,0,156,98.73,2,1.27
1794593,precision alignment,precisionalignment,Course,460 curtis street,delaware,precisio460curtidelaware,360,0,332,92.22,28,7.78,288,80,72,20
1803350,Mobile Auto Service,mobileautoservice,Course,3732 Davis Corner Rd,Street,mobileau3732davistreet,372,0,372,100,0,0,367,98.66,5,1.34
1809751,Ham's Prairie Automotive,hamsprairieautomotive,Course,8088 State Road C,Fulton,hamsprai8088statfulton,0,0,0,,0,,0,,0,
1811240,Gate 2 Tire,gate2tire,Course,601 E Robinson Ave,Grovetown,gate2tir601erobigrovetow,101,0,100,99.01,1,0.99,90,89.11,11,10.89
1808385,Freddies Discount Tires,freddiesdiscounttires,Course,3104 W Reno,Oklahoma City,freddies3104wrenoklahoma,116,0,116,100,0,0,102,87.93,14,12.07
1800819,Mccurdy Tire,mccurdytire,Course,27405 FM 2978,Magnolia,mccurdyt27405fm2magnolia,93,0,93,100,0,0,38,40.86,55,59.14
1802005,PAR Enterprises LLC.,parenterprisesllc,Course,16589 Hwy 52,Wiggins,parenter16589hwywiggins,111,0,105,94.59,6,5.41,99,89.19,12,10.81
1798210,northern auto,northernauto,Course,10155 honor hwy,honor,northern10155honhonor,449,0,449,100,0,0,371,82.63,78,17.37
1811035,Twin City Tires,twincitytires,Course,700 Stella St,West Monroe,twincity700stellwestmonr,439,0,374,85.19,65,14.81,366,83.37,73,16.63
1800973,lubbers ford,lubbersford,Course,611 filmore,cheney,lubbersf611filmocheney,263,0,263,100,0,0,262,99.62,1,0.38
1801272,Jimmy's Auto Parts,jimmysautoparts,Course,2170 Nashville Rd,Franklin,jimmysau2170nashfranklin,0,0,0,,0,,0,,0,
1804925,Cianci Tire,ciancitire,Course,40 Williamson road,Greenville,cianciti40williagreenvil,652,0,537,82.36,115,17.64,576,88.34,76,11.66
1811153,Wilson's Direct,wilsonsdirect,Course,7206 K-16 Hwy,Holton,wilsonsd7206k16hholton,325,0,316,97.23,9,2.77,321,98.77,4,1.23
1809399,TJT Tire & Service LLC,tjttireservice,Course,6730 W 133rd ave,Cedar Lake,tjttires6730w133cedarlak,210,0,207,98.57,3,1.43,150,71.43,60,28.57
1793915,Slusher Farm and Home,slusherfarmandhome,Course,1035 S. Main St.,Sikeston,slusherf1035smaisikeston,265,0,265,100,0,0,151,56.98,114,43.02
1805322,Service Tire Inc,servicetire,Course,po box 132,Devils Lake,servicetpobox132devilsla,1003,0,494,49.25,509,50.75,985,98.21,18,1.79
1795877,Northtown Auto,northtownauto,Course,1135 Millersport Hwy,Amherst,northtow1135millamherst,359,0,359,100,0,0,307,85.52,52,14.48
1802808,Schlossmann Honda City,schlossmannhondacity,Course,3450 S. 108TH Street,Greenfield,schlossm3450s108greenfie,1354,0,1354,100,0,0,1348,99.56,6,0.44
1813200,Auto Excellence,autoexcellence,Course,3701 Durand,Racine,autoexce3701duraracine,0,0,0,,0,,0,,0,
1807142,Tony Gosselin & Sons' Tire,tonygosselinsonstire,Course,525 Commercial Street,Eureka,tonygoss525commeeureka,1949,0,1877,96.31,72,3.69,1850,94.92,99,5.08
1812902,Boones Service,boonesservice,Course,110 W. Walsh St.,Montgomery City,boonesse110wwalsmontgome,145,155,145,100,0,0,135,93.1,10,6.9
1800221,Barrett's Tire,barrettstire,Course,1506 Donelson Pkwy,Dover,barretts1506donedover,1043,0,1043,100,0,0,445,42.67,598,57.33
1804655,Ed's Standard,edsstandard,Course,220 N Saginaw,Durand,edsstand220nsagidurand,464,0,463,99.78,1,0.22,383,82.54,81,17.46
1812522,Perkins Tire and Service Center Inc,perkinstireandservicecenter,Course,13384 US Hwy 29,Chatham,perkinst13384ushchatham,379,0,331,87.34,48,12.66,358,94.46,21,5.54
1809657,Dally Tire Co,dallytire,Course,109 W Chicago St,Coldwater,dallytir109wchiccoldwate,450,0,399,88.67,51,11.33,374,83.11,76,16.89
1898587,Tennessee tire,tennesseetire,Course,461 south water ave,Gallatin,tennesse461southgallatin,171,579,171,100,0,0,113,66.08,58,33.92
1806423,HUMBLE TIRE CENTER,humbletirecenter,Course,1601 WEST MARKET ST,JOHNSON CITY,humbleti1601westjohnsonc,874,0,870,99.54,4,0.46,760,86.96,114,13.04
1811170,norm the tire man,normthetireman,Course,809 sw 8th st,bentonville,normthet809sw8thbentonvi,1686,314,1472,87.31,214,12.69,1600,94.9,86,5.1
1798568,Best One Tire,bestonetire,Course,1241 Tutor Lane,Evansville,bestonet1241tutoevansvil,396,4,396,100,0,0,169,42.68,227,57.32
1806288,DEAN TIRE SERVICE INC,deantireservice,Course,60 ABBETT AVE,MORRISTOWN,deantire60abbettmorristo,294,6,276,93.88,18,6.12,217,73.81,77,26.19
1812331,Bobby & Steve's Auto World,bobbystevesautoworld,Course,8100 Flying Cloud Drive,Eden Prairie,bobbyste8100flyiedenprai,82,0,82,100,0,0,63,76.83,19,23.17
1922851,Dannys Auto Shop,dannysautoshop,Course,625 3rd Ave,Two Harbors,dannysau6253rdavtwoharbo,21,12,21,100,0,0,21,100,0,0
1794628,JIM GRIZZLE TIRE,jimgrizzletire,Course,3002 TOWSON AVENUE,FORT SMITH,jimgrizz3002towsfortsmit,212,188,212,100,0,0,96,45.28,116,54.72
1800395,m50 truck tractor and auto,m50trucktractorandauto,Course,16805 Tecumseh Rd,Dundee,m50truck16805tecdundee,185,0,185,100,0,0,152,82.16,33,17.84
1811897,C R Smith Radiator & Auto Repair,crsmithradiatorautorepair,Course,2515 W Market St,York,crsmithr2515wmaryork,103,197,103,100,0,0,86,83.5,17,16.5
1897212,Modern Auto Service,modernautoservice,Course,1225 S. Pennsylvania Ave,Fruitland,modernau1225spenfruitlan,23,43,23,100,0,0,23,100,0,0
1805805,good guys garage,goodguysgarage,Course,23 s 4th st,newark,goodguys23s4thstnewark,210,0,210,100,0,0,95,45.24,115,54.76
1806983,Schwartz and Nagle,schwartzandnagle,Course,900 Raritain Ave,Highland Park,schwartz900rarithighland,800,0,800,100,0,0,761,95.13,39,4.88
1806283,Campbell Tire,campbelltire,Course,101 West Burrell Street,Blairsville,campbell101westbblairsvi,553,0,549,99.28,4,0.72,499,90.24,54,9.76
2023414,Raine Tire and Auto,rainetireandauto,Course,501 s duncan dr,Tavares,rainetir501sdunctavares,39,36,39,100,0,0,7,17.95,32,82.05
1796309,Sassafras Tire,sassafrastire,Course,4964 Peneil Rd,West Columbia,sassafra4964penewestcolu,109,0,82,75.23,27,24.77,95,87.16,14,12.84
1807600,Big Al's Garage,bigalsgarage,Course,607 Monroe Street,Plymouth,bigalsga607monroplymouth,104,62,104,100,0,0,45,43.27,59,56.73
1806725,Woodie Lee's Tire & AUTO,woodieleestireauto,Course,28097 cleveland ave,punta gorda,woodiele28097clepuntagor,0,0,0,,0,,0,,0,
1805859,Tabor's Towing & Repair,taborstowingrepair,Course,433 S Main St,Marion,taborsto433smainmarion,112,88,112,100,0,0,108,96.43,4,3.57
1807925,Dick Kernick Service LLC.,dickkernickservicellc,Course,4470 Steubenville Pike,Pittsburgh,dickkern4470steupittsbur,456,144,456,100,0,0,436,95.61,20,4.39
1808625,Ellijay Tire Company,ellijaytire,Course,583 Maddox Dr,Ellijay,ellijayt583maddoellijay,4926,0,4662,94.64,264,5.36,3122,63.38,1804,36.62
1796560,total automotive,totalautomotive,Course,2183 sheridan dr,tonawanda,totalaut2183shertonawand,464,136,464,100,0,0,423,91.16,41,8.84
1796449,Shriver Tire Service LLC,shrivertireservice,Course,2171 Otsego Avenue,Coshocton,shrivert2171otsecoshocto,1198,0,1017,84.89,181,15.11,1071,89.4,127,10.6
1798891,Wooten Automotive and Towing LLC,wootenautomotiveandtowing,Course,124 W Main St,St Paris,wootenau124wmainstparis,280,0,280,100,0,0,233,83.21,47,16.79
1810394,Boyd's Tire LLC,boydstire,Course,32 Tabernacle Road,Columbus,boydstir32taberncolumbus,167,0,167,100,0,0,138,82.63,29,17.37
1908395,Elite New and Used Tires,elitenewandusedtires,Course,8807 Southeastern Ave.,Indianapolis,elitenew8807soutindianap,308,0,308,100,0,0,224,72.73,84,27.27
1801381,OLDHAMS AUTO,oldhamsauto,Course,322 state road 16,st. Augustine,oldhamsa322statestaugust,339,0,339,100,0,0,216,63.72,123,36.28
1796747,Crossroads Automotive,crossroadsautomotive,Course,3210 Hwy 34 East,Newnan,crossroa3210hwy3newnan,234,0,234,100,0,0,192,82.05,42,17.95
1797235,Dailey Tire,daileytire,Course,1740 Eastern Ave,Gallipolis,daileyti1740eastgallipol,718,0,667,92.9,51,7.1,210,29.25,508,70.75
1800901,LKQ TRIPLETT TIRE DEPOT,lkqtripletttiredepot,Course,1533 TRIPLETT BLVD,AKRON,lkqtripl1533tripakron,354,0,354,100,0,0,129,36.44,225,63.56
1983185,Hercules Tire Sales,herculestiresales,Course,10130 E 51st St,Tulsa,hercules10130e51tulsa,707,626,707,100,0,0,680,96.18,27,3.82
1799323,Marks Tire & Automotive LLC,markstireautomotive,Course,1208 n 6th,st joseph,markstir1208n6thstjoseph,224,1,224,100,0,0,150,66.96,74,33.04
2030057,Donohue's Quicklube,donohuesquicklube,Course,2030 Eastern Avenue,Gallipolis,donohues2030eastgallipol,#N/A,#N/A,#N/A,#N/A,#N/A,#N/A,#N/A,#N/A,#N/A,#N/A
1807373,A.W.E. Auto Service,aweautoservice,Course,1001 2nd St,Traer,aweautos10012ndstraer,154,46,154,100,0,0,133,86.36,21,13.64
1983124,Fuccillo Kia of Cape Coral,fuccillokiaofcapecoral,Course,404 N.E. Pine Island Road,Cape Coral,fuccillo404nepincapecora,398,0,398,100,0,0,398,100,0,0
1795861,FALLS TIRE SERVICE,fallstireservice,Course,305 4TH STREET SOUTH,GREAT FALLS,fallstir3054thstgreatfal,29,0,29,100,0,0,-1,-3.45,30,103.45
1801755,FOREST GROVE AUTO,forestgroveauto,Course,4010 Byron RD,HUDSONVILLE,forestgr4010byrohudsonvi,577,0,569,98.61,8,1.39,561,97.23,16,2.77
1800806,Center Exit Tire,centerexittire,Course,100 Pleasant drive,Aliquippa,centerex100pleasaliquipp,601,599,601,100,0,0,417,69.38,184,30.62
1812804,wolverine tire & auto care,wolverinetireautocare,Course,550 Durabilt Road,Spooner,wolverin550durabspooner,2195,0,2195,100,0,0,1731,78.86,464,21.14
1810208,Rapid Tire Exchange,rapidtireexchange,Course,953 Hwy 80E,Clinton,rapidtir953hwy80clinton,857,0,857,100,0,0,813,94.87,44,5.13
1812995,Conrad Tire and Automotive,conradtireandautomotive,Course,1028 Johnsontown Rd,Thomasville,conradti1028johnthomasvi,560,0,492,87.86,68,12.14,537,95.89,23,4.11
1800033,Best One Tire & Autocare of Richmond,bestonetireautocareofrichmond,Course,100 N 7th St,Richmond,bestonet100n7thsrichmond,705,0,705,100,0,0,432,61.28,273,38.72
1795133,Hartland Auto,hartlandauto,Course,1067 W.McPherson Hwy,Clyde,hartland1067wmcpclyde,372,0,372,100,0,0,133,35.75,239,64.25
1794411,K & S Tire,kstire,Course,1455 N West End Blvd,Quakertown,kstire1455nwesquakerto,3671,0,3671,100,0,0,2399,65.35,1272,34.65
1803231,JOE BUCKEY TIRE,joebuckeytire,Course,1039 lee st,zanesville,joebucke1039leeszanesvil,207,0,207,100,0,0,190,91.79,17,8.21
1805101,Sawyer Automotive,sawyerautomotive,Course,644 Massachusetts Ave,Acton,sawyerau644massaacton,317,0,317,100,0,0,307,96.85,10,3.15
1800448,John Menard Tire Co.,johnmenardtire,Course,PO Box 426,Rayne,johnmenapobox426rayne,0,0,0,,0,,0,,0,
1803880,Magnum Automotive,magnumautomotive,Course,302 S 2nd Ave E,Newton,magnumau302s2ndanewton,157,0,157,100,0,0,145,92.36,12,7.64
1981628,Leon's Original One Stop,leonsoriginalonestop,Course,1304 Caffey Drive,Oxford,leonsori1304caffoxford,191,0,191,100,0,0,95,49.74,96,50.26
1806257,Henry J Finck Inc,henryjfinck,Course,23022 US HWY 6 and 19,Cambridge Springs,henryjfi23022ushcambridg,1598,402,1598,100,0,0,1490,93.24,108,6.76
1810525,Norms Tire,normstire,Course,113 south 5th st,missouri valley,normstir113southmissouri,238,0,238,100,0,0,225,94.54,13,5.46
1811920,Rafferty Tire & Auto,raffertytireauto,Course,400 South White Street,Brookville,rafferty400southbrookvil,1058,0,1058,100,0,0,994,93.95,64,6.05
1803895,RUTLAND TIRE & WHEEL,rutlandtirewheel,Course,5711 White Bluf Rd,Savannah,rutlandt5711whitsavannah,872,0,868,99.54,4,0.46,837,95.99,35,4.01
1797564,Madisonville Tire,madisonvilletire,Course,48 Federal Street,Madisonville,madisonv48federamadisonv,711,0,711,100,0,0,405,56.96,306,43.04
1805962,Al's Tire,alstire,Course,3912 St Stans Avenue,Northern Cambria,alstire3912ststnorthern,946,54,885,93.55,61,6.45,807,85.31,139,14.69
1808360,columbus tire,columbustire,Course,710 n high school ave.,columbus,columbus710nhighcolumbus,209,0,209,100,0,0,186,89,23,11
1983787,The Tire Shop,thetireshop,Course,500 W. 6TH AVE,Lancaster,thetires500w6thalancaste,92,0,92,100,0,0,32,34.78,60,65.22
1935790,B & Z Performance,bzperformance,Course,1111 Conrad Hilton Blvd,cisco,bzperfor1111conrcisco,0,75,0,,0,,0,,0,
2021435,Pioneer Tire,pioneertire,Course,2024 W Pioneer pkwy,arlington,pioneert2024wpioarlingto,101,0,101,100,0,0,30,29.7,71,70.3
1921627,Totten Tire Center,tottentirecenter,Course,9400 E. Birch Run,Birch Run,tottenti9400ebirbirchrun,1243,0,1243,100,0,0,1109,89.22,134,10.78
1802309,E&G AUTO PLUS INC,egautoplus,Course,489 RT 6 WEST,COUDERSPORT,egautopl489rt6wecoudersp,303,0,303,100,0,0,289,95.38,14,4.62
1811961,Mountain Man Tire,mountainmantire,Course,2103 Delray Street,Statesville,mountain2103delrstatesvi,5285,0,5285,100,0,0,4662,88.21,623,11.79
1934882,Sikorski's Service,sikorskisservice,Course,33 Prospect Street,Amsterdam,sikorski33prospeamsterda,0,100,0,,0,,0,,0,
1806087,Midway Tire,midwaytire,Course,95 Midway Ln.,Oak Ridge,midwayti95midwayoakridge,117,0,103,88.03,14,11.97,105,89.74,12,10.26
1813597,Great Western Tire of Dodge City,greatwesterntireofdodgecity,Course,200 W Frontview St,Dodge City,greatwes200wfrondodgecit,809,0,741,91.59,68,8.41,512,63.29,297,36.71
1970838,Spitzer Chevy,spitzerchevy,Course,333 E Aurora Rd,Northfield,spitzerc333eauronorthfie,28,5,28,100,0,0,28,100,0,0
1801964,Foreman Tire,foremantire,Course,102 3rd ave,Alton,foremant1023rdavalton,219,0,219,100,0,0,210,95.89,9,4.11
1803315,superior auto,superiorauto,Course,102 hillcrest dr,laurens,superior102hillclaurens,324,0,324,100,0,0,312,96.3,12,3.7
1806993,Prewitt's Automotive,prewittsautomotive,Course,13 Southern Oaks Ct.,Savannah,prewitts13southesavannah,531,0,531,100,0,0,529,99.62,2,0.38
1794141,best one tire,bestonetire,Course,1001 n court st,marion,bestonet1001ncoumarion,496,0,496,100,0,0,279,56.25,217,43.75
1810055,Dave & Dean's Quality Tire,davedeansqualitytire,Course,166 Hwy 51 N,Woodruff,davedean166hwy51woodruff,862,38,862,100,0,0,813,94.32,49,5.68
1799193,WEST CLINTON TIRE LLC,westclintontire,Course,4145 GRAY HWY,GRAY,westclin4145graygray,154,0,154,100,0,0,119,77.27,35,22.73
1809711,Simon's Auto Service,simonsautoservice,Course,1830 Lee Rd.,Cleveland Hts.,simonsau1830leerclevelan,472,0,472,100,0,0,464,98.31,8,1.69
1980753,Larson Tire and Automotive,larsontireandautomotive,Course,600 N Weatherford St,Midland,larsonti600nweatmidland,209,0,209,100,0,0,209,100,0,0
1806547,Reis Auto Parts & Service,reisautopartsservice,Course,300 Des Moines St,Odebolt,reisauto300desmoodebolt,107,0,107,100,0,0,87,81.31,20,18.69
1795921,Maverick's tire depot,maverickstiredepot,Course,6269 hwy 119 north,Whitesburg,maverick6269hwy1whitesbu,0,0,0,,0,,0,,0,
2026527,Global Tires Plus,globaltiresplus,Course,621 Indian trail lilburn rd,Lilburn,globalti621indialilburn,85,0,85,100,0,0,85,100,0,0